name,age,country
John Smith,28,USA
Emma Johnson,34,UK
Michael Brown,45,Canada
Sarah Davis,23,Australia
James Wilson,31,Germany
Emily Miller,29,France
William Taylor,42,Japan
Olivia Anderson,36,Brazil
David Thomas,27,India
Sophia Jackson,33,Spain
Joseph White,41,Italy
Isabella Harris,25,Mexico
Charles Martin,38,China
Mia Thompson,32,Russia
Daniel Garcia,46,South Korea
Abigail Robinson,24,Netherlands
Matthew Clark,35,Sweden
Elizabeth Rodriguez,30,Switzerland
Anthony Lewis,44,Norway
Sofia Lee,26,Denmark
Mark Walker,39,Finland
Charlotte Hall,37,Poland
Christopher Allen,48,Belgium
Amelia Young,22,Austria
Joshua Hernandez,43,Ireland
Harper King,28,Portugal
Andrew Wright,50,New Zealand
Evelyn Lopez,21,Greece
Ryan Hill,47,Turkey
Avery Scott,35,Argentina
Nicholas Green,33,Chile
Lily Adams,29,Peru
Tyler Baker,41,Egypt
Zoe Nelson,27,South Africa
Brandon Carter,39,Nigeria
Nora Mitchell,24,Kenya
Jacob Perez,45,Morocco
Grace Roberts,31,Israel
Justin Turner,36,Thailand
Victoria Phillips,23,Vietnam
Benjamin Campbell,49,Philippines
Hannah Parker,26,Indonesia
Samuel Evans,34,Malaysia
Audrey Edwards,40,Singapore
Gabriel Collins,32,UAE
Leah Stewart,44,Saudi Arabia
Caleb Sanchez,28,Qatar
Anna Morris,37,Kuwait
Jonathan Rogers,51,Oman
Claire Reed,19,Bahrain
Kevin Cook,42,Jordan
Stella Morgan,30,Lebanon
Jose Bailey,38,Syria
Lucy Rivera,25,Iran
Brian Cooper,46,Iraq
Savannah Richardson,22,Pakistan
Jason Cox,35,Bangladesh
Penelope Ward,29,Sri Lanka
Zachary Torres,43,Nepal
Lillian Peterson,27,Myanmar
Adam Gray,48,Cambodia
Addison Ramirez,20,Laos
Nathan James,39,Brunei
Brooklyn Watson,33,Mongolia
Dylan Brooks,47,North Korea
Hazel Kelly,31,South Korea
Henry Sanders,36,Taiwan
Ellie Price,24,Hong Kong
Logan Bennett,52,Macau
Paisley Wood,18,Maldives
Jackson Barnes,28,Seychelles
Natalie Ross,41,Mauritius
Leo Henderson,45,Fiji
Aubrey Coleman,26,Vanuatu
Sebastian Jenkins,34,Samoa
Stella Perry,38,Tonga
Mason Powell,30,Papua New Guinea
Nova Patterson,23,Solomon Islands
Elias Long,49,Palau
Hannah Hughes,35,Marshall Islands
Nathaniel Flores,42,Micronesia
Skylar Washington,27,Kiribati
Mateo Butler,51,Tuvalu
Riley Simmons,19,Nauru
Harrison Foster,44,Cook Islands
Aria Gonzales,32,Niue
Emmett Bryant,48,Tokelau
Willow Alexander,25,American Samoa
Gavin Russell,39,Guam
Isabelle Griffin,28,Northern Mariana Islands
Elias Diaz,46,US Virgin Islands
Violet Hayes,21,Puerto Rico
Landon Myers,53,Bermuda
Luna Ortiz,17,Cayman Islands
Colton Jensen,37,British Virgin Islands
Aurora Castillo,43,Anguilla
Dominic Stone,29,St. Kitts and Nevis
Naomi Reeves,41,Antigua and Barbuda
Ian Cole,55,St. Lucia
Eliana West,30,St. Vincent and the Grenadines
Silas Bishop,38,Grenada
Piper Hunt,27,Barbados
Coleman Morris,47,Trinidad and Tobago
Rose Howard,23,Jamaica
Graham Fisher,33,Cuba
Julia Lane,26,Dominican Republic
Tucker Gordon,50,Haiti
Maria Andrews,22,Puerto Rico
Miles Porter,42,Bahamas
Faith Sullivan,35,Aruba
Braxton Woods,29,Curacao
Melanie Reid,44,Sint Maarten
Oscar Simpson,28,Belize
Clara Diaz,38,Costa Rica
Tristan Marshall,31,Panama
Josephine Shaw,24,Guatemala
Finley Gibson,48,El Salvador
Athena Hart,36,Honduras
Marcus Crawford,27,Nicaragua
Gemma Ryan,40,Costa Rica
Eli Harrison,55,Panama
Naomi Ellis,33,Guatemala
Graham Sullivan,47,El Salvador
Ruby Bennett,21,Honduras
Maxwell Griffin,39,Nicaragua
Sadie Hayes,29,Costa Rica
Declan Price,43,Panama
Sophie Cooper,26,Guatemala
Owen Ward,51,El Salvador
Chloe Turner,37,Honduras
Connor Murphy,45,Nicaragua
Alice Peterson,32,Costa Rica
Lucas Jenkins,28,Panama
Zara Phillips,41,Guatemala
Benjamin Ramirez,24,El Salvador
Eva Torres,50,Honduras
Julian Rivera,36,Nicaragua
Lydia Simmons,31,Costa Rica
Nicholas Butler,48,Panama
Madison Foster,27,Guatemala
Austin Bryant,44,El Salvador
Leah Alexander,22,Honduras
Christian Russell,38,Nicaragua
Eleanor Gonzales,30,Costa Rica
Dominic Diaz,47,Panama
Vivian Hayes,25,El Salvador
Seth Myers,53,Honduras
Iris Ortiz,19,Nicaragua
Colin Jensen,34,Costa Rica
Freya Castillo,42,Panama
Derek Stone,29,Guatemala
Alyssa Reeves,40,El Salvador
Bryson West,46,Honduras
Kimberly Cole,35,Nicaragua
Marcus Bishop,23,Costa Rica
Daisy Hunt,51,Panama
Shane Morris,28,Guatemala
Tara Howard,37,El Salvador
Jesse Fisher,45,Honduras
Kylie Lane,30,Nicaragua
Leon Gordon,48,Costa Rica
Hope Andrews,21,Panama
Trevor Porter,39,Guatemala
Paige Sullivan,33,El Salvador
Jared Woods,47,Honduras
Catherine Reid,26,Nicaragua
Brent Simpson,55,Costa Rica
Lindsey Diaz,44,Panama
Shawn Marshall,32,Guatemala
Tammy Shaw,24,El Salvador
Clint Gibson,41,Honduras
Molly Hart,36,Nicaragua
Grant Crawford,27,Costa Rica
Wendy Ryan,49,Panama
Dustin Ellis,38,Guatemala
Holly Bennett,22,El Salvador
Blake Griffin,46,Honduras
Jenny Hayes,31,Nicaragua
Cory Price,53,Costa Rica
Stacey Cooper,29,Panama
Melvin Gordon,50,Guatemala
Janet Ward,37,El Salvador
Neil Murphy,43,Honduras
Sherry Peterson,25,Nicaragua
Kurt Jenkins,48,Costa Rica
Darlene Phillips,34,Panama
Ralph Ramirez,20,Guatemala
Carmen Torres,51,El Salvador
Ronald Rivera,39,Honduras
Sally Simmons,28,Nicaragua
Tyler Butler,47,Costa Rica
Roberta Foster,45,Panama
Jorge Gonzales,30,Guatemala
Brenda Diaz,26,El Salvador
Darren Hayes,42,Honduras
Tracy Myers,35,Nicaragua
Luis Ortiz,55,Costa Rica
Sue Jensen,19,Panama
Allen Castillo,43,Guatemala
Dawn Stone,38,El Salvador
Joel Reeves,33,Honduras
Rita West,29,Nicaragua
Luke Cole,52,Costa Rica
Loretta Bishop,40,Panama
Stanley Hunt,24,Guatemala
Mae Morris,36,El Salvador
Marvin Howard,31,Honduras
Wilma Fisher,44,Nicaragua
Clyde Lane,27,Costa Rica
Joyce Gordon,50,Panama
Floyd Andrews,22,Guatemala
Elaine Porter,41,El Salvador
Wade Sullivan,37,Honduras
Marian Woods,28,Nicaragua
Vicki Reid,46,Costa Rica
Randall Simpson,53,Panama
Glenda Diaz,21,Guatemala
Lester Marshall,39,El Salvador
Vivian Shaw,35,Honduras
Erik Gibson,48,Nicaragua
Bobbie Hart,32,Costa Rica
Dwayne Crawford,55,Panama
Yolanda Ryan,25,Guatemala
Pete Ellis,42,El Salvador
Shelly Bennett,29,Honduras
Ricky Griffin,47,Nicaragua
Anita Hayes,36,Costa Rica
Lee Price,23,Panama
Lorena Cooper,51,Guatemala
Mario Gordon,34,El Salvador
Yvonne Ward,27,Honduras
Eddie Murphy,45,Nicaragua
Patsy Peterson,20,Costa Rica
Mitchell Jenkins,49,Panama
Cassandra Phillips,33,Guatemala
Ross Ramirez,38,El Salvador
Toni Torres,30,Honduras
Derek Rivera,44,Nicaragua
Kristin Simmons,28,Costa Rica
Javier Butler,54,Panama
Nadine Foster,41,Guatemala
Clinton Gonzales,26,El Salvador
Kellie Diaz,52,Honduras
Terence Hayes,37,Nicaragua
Marlene Myers,31,Costa Rica
Stuart Ortiz,48,Panama
Sonya Jensen,24,Guatemala
Arnold Castillo,43,El Salvador
Patricia Stone,29,Honduras
Gerald Reeves,40,Nicaragua
Becky West,35,Costa Rica
Dwayne Cole,56,Panama
Vanessa Bishop,22,Guatemala
Jordan Hunt,50,El Salvador
Lauren Morris,46,Honduras
Trevor Howard,32,Nicaragua
Lynn Fisher,38,Costa Rica
Marco Gordon,27,Panama
Kara Andrews,55,Guatemala
Roberto Porter,21,El Salvador
Shelley Sullivan,39,Honduras
Dean Woods,47,Nicaragua
Lena Reid,30,Costa Rica
Micheal Simpson,44,Panama
Glenda Diaz,19,Guatemala
Lester Marshall,43,El Salvador
Vivian Shaw,36,Honduras
Erik Gibson,28,Nicaragua
Bobbie Hart,52,Costa Rica
Dwayne Crawford,33,Panama
Yolanda Ryan,25,Guatemala
Pete Ellis,48,El Salvador
Shelly Bennett,41,Honduras
Ricky Griffin,29,Nicaragua
Anita Hayes,37,Costa Rica
Lee Price,54,Panama
Lorena Cooper,23,Guatemala
Mario Gordon,50,El Salvador
Yvonne Ward,31,Honduras
Eddie Murphy,46,Nicaragua
Patsy Peterson,20,Costa Rica
Mitchell Jenkins,35,Panama
Cassandra Phillips,27,Guatemala
Ross Ramirez,42,El Salvador
Toni Torres,38,Honduras
Derek Rivera,30,Nicaragua
Kristin Simmons,56,Costa Rica
Javier Butler,44,Panama
Nadine Foster,22,Guatemala
Clinton Gonzales,49,El Salvador
Kellie Diaz,36,Honduras
Terence Hayes,53,Nicaragua
Marlene Myers,28,Costa Rica
Stuart Ortiz,40,Panama
Sonya Jensen,26,Guatemala
Arnold Castillo,55,El Salvador
Patricia Stone,33,Honduras
Gerald Reeves,24,Nicaragua
Becky West,51,Costa Rica
Dwayne Cole,39,Panama
Vanessa Bishop,47,Guatemala
Jordan Hunt,29,El Salvador
